domain,mean_action_landmarks,std_action_landmarks,mean_plan_length,std_plan_length,mean_ratio
blocksworld,31.266666666666666,14.381341679612065,55.2,26.49970722024341,0.5885179279259681
floortile,1.6333333333333333,2.413801313614937,74.53333333333333,24.320749383493776,0.03850230963837482
miconic,11.0,5.8427674123212165,18.533333333333335,9.493131213139586,0.5819103333239956
rovers,3.566666666666667,3.720245944162492,52.53333333333333,43.66623672684718,0.12846823242564956
sokoban,1.5666666666666667,1.813423763803275,25.6,15.76683555594704,0.0738172882701557
spanner,8.1,1.826056614297785,13.9,4.887351726298377,0.6202420999479823
transport,0.0,0.0,37.5,23.425229546588117,0.0
